{"cameraMode":{"drawMode":0,"name":"Shaded","section":"Shading Mode"},"sceneLighting":false,"audioPlay":false,"sceneViewState":{"m_AlwaysRefresh":false,"showFog":true,"showSkybox":false,"showFlares":true,"showImageEffects":true,"showParticleSystems":true,"showVisualEffectGraphs":true,"m_FxEnabled":true},"in2DMode":false,"pivot":{"x":-0.0060024261474609379,"y":1.9475001096725464,"z":27.905033111572267},"rotation":{"x":0.25952109694480898,"y":-0.5339046120643616,"z":0.17131073772907258,"w":0.7850828170776367},"size":12.868738174438477,"orthographic":false}